name,value,url,rating,reviews
"Plantex CCTV/NVR/DVR Cabinet Box/Network Rack/CCTV Box Cabinet with Lock and Keys/Server Rack with Power Socket - 3U+, (White) Transparent Glass Door dvr Box for CCTV",2149.0,https://www.amazon.in/Plantex-Cabinet-Network-Server-Socket/dp/B07D17S4FQ/ref=sr_1_1?dib=eyJ2IjoiMSJ9.PkyGTxgvs_26QvaVmIgU-85UdAIcMx9P2WKbg46Szi2Sa0xYtAt4lCvnFKoyYlynN6Nu5aqWSHrPQYFcv1SOKSouRrkmmkKtpkRL3YIImGc3WRN5HrDCUTMn-07JlX44_NcqNcgU6vesjclKd9v630kbXKaAVBxLmbvfId4OXHWTTGe6rJJtv8cvuRLs9hW377ZTRtbnP7F5lNs-4LMARzpm8RjdKXr03uBKhsH1BIm_4lRK7LnPd8o1INkvEQiUVHA0ktdqTAETYk0VmoquA7s-lR9Aw2_dEJ0EdqhEJaw.sN7mAqeZQj57Or7VPjkG0-MG-PXiajsJrdKLMubs4EM&dib_tag=se&keywords=Server+Rack+energy+efficient&qid=1744047747&sr=8-1,4.0,
CP PLUS CCTV/Server Rack 2U CCTV/DVR/NVR Cabinet Box/DVR Rack Wall Mount with Lock/Network Rack/Server Rack (Grey),950.0,https://www.amazon.in/CP-PLUS-Server-Cabinet-Network/dp/B08DRRWQJ8/ref=sr_1_2?dib=eyJ2IjoiMSJ9.PkyGTxgvs_26QvaVmIgU-85UdAIcMx9P2WKbg46Szi2Sa0xYtAt4lCvnFKoyYlynN6Nu5aqWSHrPQYFcv1SOKSouRrkmmkKtpkRL3YIImGc3WRN5HrDCUTMn-07JlX44_NcqNcgU6vesjclKd9v630kbXKaAVBxLmbvfId4OXHWTTGe6rJJtv8cvuRLs9hW377ZTRtbnP7F5lNs-4LMARzpm8RjdKXr03uBKhsH1BIm_4lRK7LnPd8o1INkvEQiUVHA0ktdqTAETYk0VmoquA7s-lR9Aw2_dEJ0EdqhEJaw.sN7mAqeZQj57Or7VPjkG0-MG-PXiajsJrdKLMubs4EM&dib_tag=se&keywords=Server+Rack+energy+efficient&qid=1744047747&sr=8-2,3.7,
"Plantex CCTV/DVR Rack/NVR Cabinet Box/Network Rack/Server Rack/CCTV Camera Box with KeyLock/DVR Box for cctvwith Power Socket - 3U - (Off White & Gray), Metal Transparent Glass Door Cabinet Box",1949.0,https://www.amazon.in/Plantex-Cabinet-Network-Server-Socket/dp/B07D16LKJL/ref=sr_1_3?dib=eyJ2IjoiMSJ9.PkyGTxgvs_26QvaVmIgU-85UdAIcMx9P2WKbg46Szi2Sa0xYtAt4lCvnFKoyYlynN6Nu5aqWSHrPQYFcv1SOKSouRrkmmkKtpkRL3YIImGc3WRN5HrDCUTMn-07JlX44_NcqNcgU6vesjclKd9v630kbXKaAVBxLmbvfId4OXHWTTGe6rJJtv8cvuRLs9hW377ZTRtbnP7F5lNs-4LMARzpm8RjdKXr03uBKhsH1BIm_4lRK7LnPd8o1INkvEQiUVHA0ktdqTAETYk0VmoquA7s-lR9Aw2_dEJ0EdqhEJaw.sN7mAqeZQj57Or7VPjkG0-MG-PXiajsJrdKLMubs4EM&dib_tag=se&keywords=Server+Rack+energy+efficient&qid=1744047747&sr=8-3,4.0,
"LG 1.5 Ton 3 Star DUAL Inverter Split AC (Copper, AI Convertible 6-in-1, VIRAAT Mode, Diet Mode+, Faster Cooling & Energy Saving, HD Filter with Anti-Virus Protection, US-Q18JNXE, White)",37690.0,https://www.amazon.in/LG-Convertible-Anti-Virus-Protection-US-Q18JNXE/dp/B0DQQ4XDBB/ref=sr_1_1?dib=eyJ2IjoiMSJ9.OB1MTBBak6lFtN5WAm9oj3jOot8pO-pJdjwkvyy1SiP8ifFAJrKGzBNEatMVRxFfsvsbq6nX84yrMMSqjUZXbvEOaNT1aAihS37nvrGEqPCEks3C5eRmQcxh1Uh--E7N_J4oFSWdDkGS8aacszmmC-9qVWTyq91dmAwXiW9bCWSwhtRgFUzceCisaQp8ZimgTcQIbhZ_YhuB-ksfm4swS5HTqPwbJdxE-wW_ah_7a6U.WsE4zd-VFpwoTwv_4NYat1Yl0NRRkcu-h65xpp0bNZc&dib_tag=se&keywords=Air+Conditioner+energy+efficient&qid=1744047750&sr=8-1,3.9,
"Daikin 1.5 Ton 5 Star Inverter Split AC (Copper, PM 2.5 Filter, MTKM50U, White)",45990.0,https://www.amazon.in/Daikin-Inverter-Copper-Filter-MTKM50U/dp/B09R4RYCJ4/ref=sr_1_2?dib=eyJ2IjoiMSJ9.OB1MTBBak6lFtN5WAm9oj3jOot8pO-pJdjwkvyy1SiP8ifFAJrKGzBNEatMVRxFfsvsbq6nX84yrMMSqjUZXbvEOaNT1aAihS37nvrGEqPCEks3C5eRmQcxh1Uh--E7N_J4oFSWdDkGS8aacszmmC-9qVWTyq91dmAwXiW9bCWSwhtRgFUzceCisaQp8ZimgTcQIbhZ_YhuB-ksfm4swS5HTqPwbJdxE-wW_ah_7a6U.WsE4zd-VFpwoTwv_4NYat1Yl0NRRkcu-h65xpp0bNZc&dib_tag=se&keywords=Air+Conditioner+energy+efficient&qid=1744047750&sr=8-2,4.0,
"LG 1.5 Ton 5 Star DUAL Inverter Split AC (Copper, AI Convertible 6-in-1, VIRAAT Mode, Faster Cooling & Energy Saving, 4 Way Swing, HD Filter with Anti-Virus Protection, US-Q19YNZE, White)",46490.0,https://www.amazon.in/LG-Convertible-Anti-Virus-Protection-US-Q19YNZE/dp/B0DRG7M72Z/ref=sr_1_3?dib=eyJ2IjoiMSJ9.OB1MTBBak6lFtN5WAm9oj3jOot8pO-pJdjwkvyy1SiP8ifFAJrKGzBNEatMVRxFfsvsbq6nX84yrMMSqjUZXbvEOaNT1aAihS37nvrGEqPCEks3C5eRmQcxh1Uh--E7N_J4oFSWdDkGS8aacszmmC-9qVWTyq91dmAwXiW9bCWSwhtRgFUzceCisaQp8ZimgTcQIbhZ_YhuB-ksfm4swS5HTqPwbJdxE-wW_ah_7a6U.WsE4zd-VFpwoTwv_4NYat1Yl0NRRkcu-h65xpp0bNZc&dib_tag=se&keywords=Air+Conditioner+energy+efficient&qid=1744047750&sr=8-3,3.9,
"15W E-14 Refrigerator Bulb,Ideal for illuminating the interior of standard refrigerators, Energy-Efficient Lighting for a Cozy Atmosphere Pack of 2.",99.0,https://www.amazon.in/Refrigerator-illuminating-refrigerators-Energy-Efficient-Atmosphere/dp/B0DKTJ9HVT/ref=sr_1_1?dib=eyJ2IjoiMSJ9.MMlY7AlfnBef3__7HGp-6FqAUtICxKlyMOgadLWfQK2CFExcHbD2A6GXADj6LPLR5OFhZF-F_VMISd3yr2ln02AQ9JZNz1ljZOqkEAOkaSGmJRI5fE1WIjhDgZ2wJ3DLoiQ-Xig4iUrE8ezVB7YyuuVgBhYIuSzoDm9e70ZuJo-fmXIIL4XQUVPjCiocazn2pQjhRl7pbPH0YliQNptMnOvEoBTmiheB5AN9Se7sapc.CgB39XcZnxsAPFDWw6cCsdadgmCkPjpLU59QlgzESWE&dib_tag=se&keywords=Refrigerator+energy+efficient&qid=1744047754&sr=8-1,1.5,
"Samsung 236 L, 3 Star, Convertible, Digital Inverter with Display Frost Free Double Door Refrigerator (RT28C3733S8/HL, Silver, Elegant Inox)",26990.0,https://www.amazon.in/Samsung-Convertible-Refrigerator-RT28C3733S8-HL/dp/B0C2TPHG6Q/ref=sr_1_2?dib=eyJ2IjoiMSJ9.MMlY7AlfnBef3__7HGp-6FqAUtICxKlyMOgadLWfQK2CFExcHbD2A6GXADj6LPLR5OFhZF-F_VMISd3yr2ln02AQ9JZNz1ljZOqkEAOkaSGmJRI5fE1WIjhDgZ2wJ3DLoiQ-Xig4iUrE8ezVB7YyuuVgBhYIuSzoDm9e70ZuJo-fmXIIL4XQUVPjCiocazn2pQjhRl7pbPH0YliQNptMnOvEoBTmiheB5AN9Se7sapc.CgB39XcZnxsAPFDWw6cCsdadgmCkPjpLU59QlgzESWE&dib_tag=se&keywords=Refrigerator+energy+efficient&qid=1744047754&sr=8-2,4.2,
Whirlpool 270 L (Gross Capacity 300L) Frost Free Triple-Door Refrigerator (FP 313D PROTTON ROY ALPHA STEEL (Z),28490.0,https://www.amazon.in/Whirlpool-313D-PROTTON-ALPHA-STEEL/dp/B0CW184WNH/ref=sr_1_3?dib=eyJ2IjoiMSJ9.MMlY7AlfnBef3__7HGp-6FqAUtICxKlyMOgadLWfQK2CFExcHbD2A6GXADj6LPLR5OFhZF-F_VMISd3yr2ln02AQ9JZNz1ljZOqkEAOkaSGmJRI5fE1WIjhDgZ2wJ3DLoiQ-Xig4iUrE8ezVB7YyuuVgBhYIuSzoDm9e70ZuJo-fmXIIL4XQUVPjCiocazn2pQjhRl7pbPH0YliQNptMnOvEoBTmiheB5AN9Se7sapc.CgB39XcZnxsAPFDWw6cCsdadgmCkPjpLU59QlgzESWE&dib_tag=se&keywords=Refrigerator+energy+efficient&qid=1744047754&sr=8-3,3.9,
"IFB 14 Place Settings with DeepClean® Technology Freestanding Dishwasher (Neptune FX14, White, 70° Hot Water Wash with Hygienic Steam Drying, Perfect for Indian Utensils)",37990.0,https://www.amazon.in/IFB-Settings-Dishwasher-FX14-Crockery/dp/B0D7PWGS5S/ref=sr_1_1?dib=eyJ2IjoiMSJ9.qeNu5t1RwtWnCvr3y2GHTA6u9DruvLVMRXzqIqsC6UrMG4S7ZH1iB6TE9nSTnK5k6eYR3juBJmw9bsUWhc23QKL5qHE-BJNOwOQbyg0MJLK6XY3uDNoXmpJEjFDIdj5RiEKo1ad-xN5SpW2eYSi8eLIClaaBbrF7Q8ViEG5RQS3sT2uj9tzh5nolfFzRDkelD4APuDEWX-3MZRUsF53c3juH2J5hfcCeXVq3FKL_82Y.uslXPS-eIUIt07dslTCdINwEDkjApICwfEqlzoRWgKo&dib_tag=se&keywords=Dishwasher+energy+efficient&qid=1744047759&sr=8-1,3.8,
"Bosch 13 Place Settings, Free Standing Dishwasher (SMS66GI01I, Silver Inox), extra dry and hygienic wash",45100.0,https://www.amazon.in/Bosch-Settings-Dishwasher-SMS66GI01I-Silver/dp/B07JW58P2C/ref=sr_1_2?dib=eyJ2IjoiMSJ9.qeNu5t1RwtWnCvr3y2GHTA6u9DruvLVMRXzqIqsC6UrMG4S7ZH1iB6TE9nSTnK5k6eYR3juBJmw9bsUWhc23QKL5qHE-BJNOwOQbyg0MJLK6XY3uDNoXmpJEjFDIdj5RiEKo1ad-xN5SpW2eYSi8eLIClaaBbrF7Q8ViEG5RQS3sT2uj9tzh5nolfFzRDkelD4APuDEWX-3MZRUsF53c3juH2J5hfcCeXVq3FKL_82Y.uslXPS-eIUIt07dslTCdINwEDkjApICwfEqlzoRWgKo&dib_tag=se&keywords=Dishwasher+energy+efficient&qid=1744047759&sr=8-2,4.3,
"wipro Garnet 20W LED Batten for Living Room & Bedroom | Bright & Energy Efficient Tubelight for Home | Cool Day Light (6500K) with 2000 lumen|4Feet, Pack of 1",159.0,https://www.amazon.in/wipro-Garnet-Tubelight-White-D532065/dp/B08CG67HZV/ref=sr_1_1?dib=eyJ2IjoiMSJ9.sjonDFyzuW7l72cbGgQKfFIi5RzHl8D2GtwVJxi6LoNRTWIh7bXDthW-IMcTmiQEveiDqDqpOtvEm6-mmPzGiHFeNAqjKq7Oh1HKBbWVA2K5kCuFiYzCC3NBm29AKIpc_-VPXLGKhawFZhlS8dm9jdeAm2_Yt8r1vlf-TJ8_U9Vv8cACWtVvSYIWAuQMqgcTbnIPWqjhKXizkmFXJhB73mxMFy1Y0zqNVMFY_K4uWhRVnj0-aUySbRM9FnRKMk2mSb4h5kyE-u8-joctwhk9V0NS6qh3kjXEh_u2NhM_zRQ.cItwW4NoDw6-htIhGZ5DyVw3qRn9LtTKq3_kMtFrcl4&dib_tag=se&keywords=Lights+energy+efficient&qid=1744047761&sr=8-1,4.1,
"One94Store Smart Night Sensor Light Bulb Comes with Automatic ON/Off Dim LED | Energy-Efficient Night Sensor Light Bulb |Daily use for Home Stairs, Kitchen, Bathroom, Walldrobe (Warm White)-Pack of 1",199.0,https://www.amazon.in/One94Store-Bulb-Automatic-Energy-Efficient-Walldrobe/dp/B0D326MFH4/ref=sr_1_2?dib=eyJ2IjoiMSJ9.sjonDFyzuW7l72cbGgQKfFIi5RzHl8D2GtwVJxi6LoNRTWIh7bXDthW-IMcTmiQEveiDqDqpOtvEm6-mmPzGiHFeNAqjKq7Oh1HKBbWVA2K5kCuFiYzCC3NBm29AKIpc_-VPXLGKhawFZhlS8dm9jdeAm2_Yt8r1vlf-TJ8_U9Vv8cACWtVvSYIWAuQMqgcTbnIPWqjhKXizkmFXJhB73mxMFy1Y0zqNVMFY_K4uWhRVnj0-aUySbRM9FnRKMk2mSb4h5kyE-u8-joctwhk9V0NS6qh3kjXEh_u2NhM_zRQ.cItwW4NoDw6-htIhGZ5DyVw3qRn9LtTKq3_kMtFrcl4&dib_tag=se&keywords=Lights+energy+efficient&qid=1744047761&sr=8-2,3.7,
wipro Garnet 10W LED Bulb for Home & Office |Cool Day White (6500K) | B22 Base|220 degree Light coverage |4Kv Surge Protection |400V High Voltage Protection |Energy Efficient | Pack of 1,64.0,https://www.amazon.in/wipro-coverage-Protection-Voltage-Efficient/dp/B0BR3VKC3F/ref=sr_1_3?dib=eyJ2IjoiMSJ9.sjonDFyzuW7l72cbGgQKfFIi5RzHl8D2GtwVJxi6LoNRTWIh7bXDthW-IMcTmiQEveiDqDqpOtvEm6-mmPzGiHFeNAqjKq7Oh1HKBbWVA2K5kCuFiYzCC3NBm29AKIpc_-VPXLGKhawFZhlS8dm9jdeAm2_Yt8r1vlf-TJ8_U9Vv8cACWtVvSYIWAuQMqgcTbnIPWqjhKXizkmFXJhB73mxMFy1Y0zqNVMFY_K4uWhRVnj0-aUySbRM9FnRKMk2mSb4h5kyE-u8-joctwhk9V0NS6qh3kjXEh_u2NhM_zRQ.cItwW4NoDw6-htIhGZ5DyVw3qRn9LtTKq3_kMtFrcl4&dib_tag=se&keywords=Lights+energy+efficient&qid=1744047761&sr=8-3,4.1,
"Pigeon Brewster Coffee Maker, 600 Watt, 4 Cups Drip Coffee maker (Black)",1099.0,https://www.amazon.in/Pigeon-Stovekraft-Coffee-Maker-Brewster/dp/B07WJ4NG21/ref=sr_1_1?dib=eyJ2IjoiMSJ9.yfKikC97x2Z4dvmzwNbnlmAEqWaCy1dDdFt59rk_aq1D0oZYYeZWOusDDOMebysZPnzdhKTr13LsgcqOsKH3rYsOBwH94_DlTpua5PddeZHweMoo_r4wUgG8DN1TBQmqhQ5j_hkeLIfmciQF9iMTI-TDvNSRZojdJXwEd2Pg90rBY6c17L4MAB7G-HfLEXHjbQF6I5XsVjVdiALSko9z9YRAfzjLfprFR8G0VjEm1NE.3EuG9zHMEFo2gO1T2CwkJPVC1VpqPywGWgbERRvn0tE&dib_tag=se&keywords=Coffee+Machine+energy+efficient&qid=1744047765&sr=8-1,3.6,
"AGARO Classic Moka Pot, Stovetop, Espresso Coffee Maker, 240 Ml, Premium Aluminium Built, Italian Style Mocha, Cuban Café Brewing, Black",799.0,https://www.amazon.in/AGARO-Classic-Stovetop-Espresso-Aluminium/dp/B0BGZXCR4B/ref=sr_1_2?dib=eyJ2IjoiMSJ9.yfKikC97x2Z4dvmzwNbnlmAEqWaCy1dDdFt59rk_aq1D0oZYYeZWOusDDOMebysZPnzdhKTr13LsgcqOsKH3rYsOBwH94_DlTpua5PddeZHweMoo_r4wUgG8DN1TBQmqhQ5j_hkeLIfmciQF9iMTI-TDvNSRZojdJXwEd2Pg90rBY6c17L4MAB7G-HfLEXHjbQF6I5XsVjVdiALSko9z9YRAfzjLfprFR8G0VjEm1NE.3EuG9zHMEFo2gO1T2CwkJPVC1VpqPywGWgbERRvn0tE&dib_tag=se&keywords=Coffee+Machine+energy+efficient&qid=1744047765&sr=8-2,3.9,
"Pigeon by Stovekraft Amaze Plus Electric Kettle (14289) with Stainless Steel Body, 1.5 litre, used for boiling Water, making tea and coffee, instant noodles, soup etc. (Silver)",499.0,https://www.amazon.in/Pigeon-Electric-Stainless-Shut-off-Feature/dp/B07WMS7TWB/ref=sr_1_1?dib=eyJ2IjoiMSJ9.zmCFpDqdK2-iTBmjnyXOyCY07kUW4k_ffT9w19mgaGmEW_ppzBpJ2S5EGgGMtUysxIB2eRCyenidRFlEP0BoKhto8ZBBmX0bsa625rKb9VnWGcsblJ6tMyDhqpIbJw9fU_VYqebqLbp9_S6AD7p43Xha62PT2huBa3OysravF5sY7HIR0srbSi0pr8VK7Hhnw6hzcrhi9Wdc22P9jhLBYMVkws0BTrANpeBFusbqoGk.neoDTzzhtjZgx9180Qu-b8TiM_xPFMh1McgNYf5Hr6w&dib_tag=se&keywords=Electric+Kettle+energy+efficient&qid=1744047768&sr=8-1,3.9,
"MILTON Stainless Steel Euroline Electric Travel Kettle With Handle, 1000 Watt, 500 Ml | 2 Utility Cups | Auto Shut-Off | Concealed Heating Element | Power Indicator |1Year Warranty, Silver",1193.0,https://www.amazon.in/MILTON-Stainless-Euroline-Electric-Utility/dp/B0CK5JZ1TG/ref=sr_1_2?dib=eyJ2IjoiMSJ9.zmCFpDqdK2-iTBmjnyXOyCY07kUW4k_ffT9w19mgaGmEW_ppzBpJ2S5EGgGMtUysxIB2eRCyenidRFlEP0BoKhto8ZBBmX0bsa625rKb9VnWGcsblJ6tMyDhqpIbJw9fU_VYqebqLbp9_S6AD7p43Xha62PT2huBa3OysravF5sY7HIR0srbSi0pr8VK7Hhnw6hzcrhi9Wdc22P9jhLBYMVkws0BTrANpeBFusbqoGk.neoDTzzhtjZgx9180Qu-b8TiM_xPFMh1McgNYf5Hr6w&dib_tag=se&keywords=Electric+Kettle+energy+efficient&qid=1744047768&sr=8-2,4.0,
"IFB 24L Solo Microwave Oven (24PM2S, Multi Stage Cooking with 69 Indian & Continental Auto Cook Menus, Child-lock Protection, Deodorize function, Delay Start & Power Save, black)",6890.0,https://www.amazon.in/IFB-Microwave-24PM2S-Continental-Recipes/dp/B0CGN8FMJ8/ref=sr_1_1?dib=eyJ2IjoiMSJ9.qNT2ARaxmRMZw7QQqZrjP_J6aBJ087p2l4rUaqraQTOyo4efwmXJqyW_vRpbwD54U168-hZLTNM5ZLXMdlOBbyGAC_J-GyQiu0b_2ZhIbtgvjqKbpsUkRhDxZRqP9xFVvpW3tPGZ6jXkF_Tule-lgwgZlBe4hHyoUGYHoxgpf0nQaa6PrFvtoycPTDnb2HWKKLekhA3jQXbh0cd0PHEsQhXkVO833eznjHmHrE3pK64.KQkKtVv9cFvtgdIIBvYkLwFfS7c2uVjKn5iH1YGThwY&dib_tag=se&keywords=Microwave+energy+efficient&qid=1744047771&sr=8-1,4.2,
"Panasonic 25L Solo Microwave Oven (NN-ST310QBFG, Black, 85 Auto Cook Menus)",7200.0,https://www.amazon.in/Panasonic-Microwave-NN-ST310QBFG-Black-Menus/dp/B0D7MFQLJR/ref=sr_1_2?dib=eyJ2IjoiMSJ9.qNT2ARaxmRMZw7QQqZrjP_J6aBJ087p2l4rUaqraQTOyo4efwmXJqyW_vRpbwD54U168-hZLTNM5ZLXMdlOBbyGAC_J-GyQiu0b_2ZhIbtgvjqKbpsUkRhDxZRqP9xFVvpW3tPGZ6jXkF_Tule-lgwgZlBe4hHyoUGYHoxgpf0nQaa6PrFvtoycPTDnb2HWKKLekhA3jQXbh0cd0PHEsQhXkVO833eznjHmHrE3pK64.KQkKtVv9cFvtgdIIBvYkLwFfS7c2uVjKn5iH1YGThwY&dib_tag=se&keywords=Microwave+energy+efficient&qid=1744047771&sr=8-2,4.3,
"Samsung 28L, Convection Microwave Oven with Curd Making(MC28A5013AK/TL, Black, 10 Yr warranty)",12790.0,https://www.amazon.in/Samsung-Convection-Microwave-MC28A5013AK-TL/dp/B09XBMXQ34/ref=sr_1_3?dib=eyJ2IjoiMSJ9.qNT2ARaxmRMZw7QQqZrjP_J6aBJ087p2l4rUaqraQTOyo4efwmXJqyW_vRpbwD54U168-hZLTNM5ZLXMdlOBbyGAC_J-GyQiu0b_2ZhIbtgvjqKbpsUkRhDxZRqP9xFVvpW3tPGZ6jXkF_Tule-lgwgZlBe4hHyoUGYHoxgpf0nQaa6PrFvtoycPTDnb2HWKKLekhA3jQXbh0cd0PHEsQhXkVO833eznjHmHrE3pK64.KQkKtVv9cFvtgdIIBvYkLwFfS7c2uVjKn5iH1YGThwY&dib_tag=se&keywords=Microwave+energy+efficient&qid=1744047771&sr=8-3,4.1,
"wipro Garnet 5W LED Linear Cabinet Light | Bright & Energy Efficient Tubelight for Home | Cool Day Light (6500K) | Under Cabinet Light for Wardrobe,Kitchen Shelf | Aluminium case| 1Feet, Pack of 1",273.0,https://www.amazon.in/wipro-Garnet-Cabinet-Coolwhite-Aluminium/dp/B0B5D4PB9Q/ref=sr_1_1?dib=eyJ2IjoiMSJ9.QLKzbgbpl53WvLJchSimOwiMIpk0sS27j-rOiDIKkCweKDDmhiGaa0sh_QPnw-wUocpJhMAn921W9aLFdelevR1aJ5Lbg83f5DhoVS-kZBS6KLaU-lXjfoFbO2QLaHK9Q-oqgdnO4bJNtsPjfu7jWs3VSY8RVB-Kqj583GL9kS3vUl8J7PxCfdolDlAs4fYWdjVf9JsVqPMEuICZCxZAXFktQcdOlCjIy8vyJShDB6A.5ox7REPMBuhof34EARss88dlE5gYrlFfClGSCSYPRDc&dib_tag=se&keywords=Workstation+energy+efficient&qid=1744047775&sr=8-1,4.1,
"Gesto Magnetic Recharbale Desk Lamp – 3 Color Under Cabinet Light With Adjustable Brightness | Desk Light for Office Table,Study Table Lamp For Students | Study Lamp Or Battery Operated Reading Lights",625.0,https://www.amazon.in/Gesto-Magnetic-Recharbale-Desk-Lamp/dp/B0CFY8VYFD/ref=sr_1_2?dib=eyJ2IjoiMSJ9.QLKzbgbpl53WvLJchSimOwiMIpk0sS27j-rOiDIKkCweKDDmhiGaa0sh_QPnw-wUocpJhMAn921W9aLFdelevR1aJ5Lbg83f5DhoVS-kZBS6KLaU-lXjfoFbO2QLaHK9Q-oqgdnO4bJNtsPjfu7jWs3VSY8RVB-Kqj583GL9kS3vUl8J7PxCfdolDlAs4fYWdjVf9JsVqPMEuICZCxZAXFktQcdOlCjIy8vyJShDB6A.5ox7REPMBuhof34EARss88dlE5gYrlFfClGSCSYPRDc&dib_tag=se&keywords=Workstation+energy+efficient&qid=1744047775&sr=8-2,3.6,
"Tefal Multi-Purpose Power XXL Animal KIT Vacuum Cleaner / 2200W Energy Efficient/High Efficiency Suction Head / 8.4-Meter Cable/Filtration Technology, Super Silent Operation / 4.5-Liter Capacity",8499.01,https://www.amazon.in/Tefal-Multi-Purpose-XXL-Efficiency-Filtration/dp/B09B9NW9X7/ref=sr_1_1?dib=eyJ2IjoiMSJ9.uEW3fqSJW7charwzlkTYNoFTYvgbqCOtP8CnZjRG5DCj-Vwo5hhoQ6RmZA5oqsam_p2xwVqF5RV0kzmUYxMN9-eeqLeVNKvuabh6I22ezyQEIZxjem_ZZ_aitiktr1acP2xEXk0L0ZoGRn7FcyOYcDOeg5Z8A4MEwPnMLK1JNpE6h0CYutg0pm6y-YsyVx5O9h2Kgp83FS4cNdJnAuTga95CGgc8BEzTx7XF8Eyrgqs.RE2CnLj9fpGdnt-yQtDiLL7atDKs6R_QXCQE6tzz0ws&dib_tag=se&keywords=Vacuum+Cleaner+energy+efficient&qid=1744047777&sr=8-1,3.8,
"Eureka Forbes Compact 700 Watts Powerful Suction & Blower Vacuum Cleaner with Washable HEPA Filter & 6 Accessories,Compact,1 Year Warranty,Light Weight & Easy to use (Red & Black)",3099.0,https://www.amazon.in/Eureka-Forbes-Compact-Cleaner-Washable/dp/B08H29H34F/ref=sr_1_2?dib=eyJ2IjoiMSJ9.uEW3fqSJW7charwzlkTYNoFTYvgbqCOtP8CnZjRG5DCj-Vwo5hhoQ6RmZA5oqsam_p2xwVqF5RV0kzmUYxMN9-eeqLeVNKvuabh6I22ezyQEIZxjem_ZZ_aitiktr1acP2xEXk0L0ZoGRn7FcyOYcDOeg5Z8A4MEwPnMLK1JNpE6h0CYutg0pm6y-YsyVx5O9h2Kgp83FS4cNdJnAuTga95CGgc8BEzTx7XF8Eyrgqs.RE2CnLj9fpGdnt-yQtDiLL7atDKs6R_QXCQE6tzz0ws&dib_tag=se&keywords=Vacuum+Cleaner+energy+efficient&qid=1744047777&sr=8-2,4.2,
Resonate RouterUPS® Gen2 | Original Router UPS for 12V WiFi Router & Modem (Supports up to 2A) (7800mAh - 95% Longer Power Backup) | Compact Mini UPS with Intelligent Charging (Upto 6 Hrs Internet),1799.0,https://www.amazon.in/Resonate-RouterUPS%C2%AE-Original-Intelligent-Certified/dp/B017NC2IPM/ref=sr_1_1?dib=eyJ2IjoiMSJ9.N2DorOh3QvTEFg9FcJmReJ-k-UcaauzdJtXSup5EYjjJllmidPQdGmWIG-EJAzFfIE9w8xCQL8Hz8t4V0b8yoyVRpU5nF0B2nUVda2m4gwDRJCkPu_Vp0JCEZbF49snF64_En1aUk4p0bNCl5fwCLOX7Wryrg15mI-a4_JFp6-AW-2HsPZBiRWk5F9VX64oiB8q4K0sqZtNwdI39SEdgkr9ERac3KjKUZj31jnj51yg.Tz3OvH4hNu6BmmQuG3kryDocQfYRI0KMNgzXuj1n6Js&dib_tag=se&keywords=Router+energy+efficient&qid=1744047780&sr=8-1,4.2,
Samsung 80 cm (32 inches) HD Ready Smart LED TV UA32T4380AKXXL (Glossy Black),14990.0,https://www.amazon.in/Samsung-inches-Ready-UA32T4380AKXXL-Glossy/dp/B0B8YTGC23/ref=sr_1_1?dib=eyJ2IjoiMSJ9.Plzxr4Ip68fLl1AwpKjKO4eO1DcqHxkmWgNUrtKJvkpORtmhuW4nOor0PrRlqAh2pXcWcOE6hW7rc5MWnJISDkzxXu3p6OzKIpMuoU-CtuTTOW7bEeuqU-U3Oyc4X5Vu9Ip9LIgeH24sjud-CeJsa-Hdu-P_p-52Ar1qiEwIt04HJPvQCq_r1l7MPgKgCWQ80MBVInOahGZzM8An_P31jZuBxolpFfjz-z2X0GI-tMg.WzFXW7DPK-XIfn_PudasDvAbFG-NDn6DRENLQQAcxRk&dib_tag=se&keywords=Smart+TV+energy+efficient&qid=1744047784&sr=8-1,4.1,
Redmi Xiaomi 80 cm (32 inches) F Series HD Ready Smart LED Fire TV L32MA-FVIN (Black),11499.0,https://www.amazon.in/Redmi-inches-Ready-Smart-L32MA-FVIN/dp/B0D4LJ9WVW/ref=sr_1_2?dib=eyJ2IjoiMSJ9.Plzxr4Ip68fLl1AwpKjKO4eO1DcqHxkmWgNUrtKJvkpORtmhuW4nOor0PrRlqAh2pXcWcOE6hW7rc5MWnJISDkzxXu3p6OzKIpMuoU-CtuTTOW7bEeuqU-U3Oyc4X5Vu9Ip9LIgeH24sjud-CeJsa-Hdu-P_p-52Ar1qiEwIt04HJPvQCq_r1l7MPgKgCWQ80MBVInOahGZzM8An_P31jZuBxolpFfjz-z2X0GI-tMg.WzFXW7DPK-XIfn_PudasDvAbFG-NDn6DRENLQQAcxRk&dib_tag=se&keywords=Smart+TV+energy+efficient&qid=1744047784&sr=8-2,4.1,
TCL 101 cm (40 inches) Metallic Bezel-Less Full HD Smart Android LED TV 40L4B (Black),15490.0,https://www.amazon.in/TCL-Mettalic-Bezel-Less-Android-40L4B/dp/B0CZ6QF29Y/ref=sr_1_3?dib=eyJ2IjoiMSJ9.Plzxr4Ip68fLl1AwpKjKO4eO1DcqHxkmWgNUrtKJvkpORtmhuW4nOor0PrRlqAh2pXcWcOE6hW7rc5MWnJISDkzxXu3p6OzKIpMuoU-CtuTTOW7bEeuqU-U3Oyc4X5Vu9Ip9LIgeH24sjud-CeJsa-Hdu-P_p-52Ar1qiEwIt04HJPvQCq_r1l7MPgKgCWQ80MBVInOahGZzM8An_P31jZuBxolpFfjz-z2X0GI-tMg.WzFXW7DPK-XIfn_PudasDvAbFG-NDn6DRENLQQAcxRk&dib_tag=se&keywords=Smart+TV+energy+efficient&qid=1744047784&sr=8-3,3.8,
"WZATCO Yuva Go Pro Fully Automatic Native 1080P Android 13.0 Smart Projector, Auto Focus, Auto 4D Keystone, 4X Brighter, 4K HDR Support, Rotatable Design, WiFi 6 & BT, Screen Mirroring, ARC, Black",12990.0,https://www.amazon.in/WZATCO-Yuva-Go-Pro-Automatic/dp/B0DRJB9417/ref=sr_1_1?dib=eyJ2IjoiMSJ9.2lAqe0asQ5iASDEyNgqfEza3xTMQh6QaNxb2JRkwUx-sdx__8WwcoTNpbuG_je6ZGUm8UZCwXYHQS-8U8Zpr_0NKMnxV0_U7wPHKIO68FQFvngRqHzw1WDbdIr6Jd4AADF00tIFY9Fp_Y5kYA5QARKhQEyco0wPYsMPfivi8-Oy6Qw3XNN2HhqepMaXiPwpZ_IL8pSVGbqerpvKFVHvJeiQMvHs172YsqoqXK_uYq4M.Z8k42frNpeatCXe4MMyDNuQOeJKrGKqDvJ5yM_EcNAQ&dib_tag=se&keywords=Projector+energy+efficient&qid=1744047788&sr=8-1,4.3,
"WZATCO Yuva Go Android 13.0 Smart Projector, 2X Brighter, 1080P & 4K Support, Rotatable Design, Auto & 4D Keystone with Netflix, Prime etc, WiFi 6 & BT, Screen Mirroring, ARC, 720P Native, White",6990.0,https://www.amazon.in/WZATCO-Yuva-Go-Projector-Rotatable/dp/B0D6N9NHLD/ref=sr_1_2?dib=eyJ2IjoiMSJ9.2lAqe0asQ5iASDEyNgqfEza3xTMQh6QaNxb2JRkwUx-sdx__8WwcoTNpbuG_je6ZGUm8UZCwXYHQS-8U8Zpr_0NKMnxV0_U7wPHKIO68FQFvngRqHzw1WDbdIr6Jd4AADF00tIFY9Fp_Y5kYA5QARKhQEyco0wPYsMPfivi8-Oy6Qw3XNN2HhqepMaXiPwpZ_IL8pSVGbqerpvKFVHvJeiQMvHs172YsqoqXK_uYq4M.Z8k42frNpeatCXe4MMyDNuQOeJKrGKqDvJ5yM_EcNAQ&dib_tag=se&keywords=Projector+energy+efficient&qid=1744047788&sr=8-2,4.3,
"WZATCO Yuva Go Pro Native 1080P Android 13.0 Smart Projector, Auto Keystone, 4X Brighter, 4K HDR Support, Rotatable Design with Netflix, Prime etc, WiFi 6 & BT, Screen Mirroring, ARC, White",10990.0,https://www.amazon.in/WZATCO-Yuva-Go-Pro-Projector/dp/B0DF2P21Y5/ref=sr_1_3?dib=eyJ2IjoiMSJ9.2lAqe0asQ5iASDEyNgqfEza3xTMQh6QaNxb2JRkwUx-sdx__8WwcoTNpbuG_je6ZGUm8UZCwXYHQS-8U8Zpr_0NKMnxV0_U7wPHKIO68FQFvngRqHzw1WDbdIr6Jd4AADF00tIFY9Fp_Y5kYA5QARKhQEyco0wPYsMPfivi8-Oy6Qw3XNN2HhqepMaXiPwpZ_IL8pSVGbqerpvKFVHvJeiQMvHs172YsqoqXK_uYq4M.Z8k42frNpeatCXe4MMyDNuQOeJKrGKqDvJ5yM_EcNAQ&dib_tag=se&keywords=Projector+energy+efficient&qid=1744047788&sr=8-3,4.3,
Canon Pixma E477 All-in-One Wireless Ink Efficient Colour Printer (White/Blue),5899.0,https://www.amazon.in/Canon-E477-Wireless-Efficient-Printer/dp/B01JOFKL0A/ref=sr_1_1?dib=eyJ2IjoiMSJ9.RBJwzLf2JWpaTXWu4EqOPmNCrZZKVthNe8tBKwiSyyHow6QHqDlIfa_xKdlkezDHbDffDGyjpYQmJUBccXAgL1SpCXlW5LOi9ztL7RrHviJObwqnoD4J2UkGNIwdg25FUpvVgJiAydaQkxWYXmkFBVhNg4qHGGOmttJuziSJNLo-lsjylykUuvtXovzsGPscMEGA7MK21deXEhfnQFNDA3QPAhzMC7s6sc0oLtsHh2U.kmWlS0dlGlvXKZ5PpvqLMG4pM_oI74EGUXK9GeAD1kI&dib_tag=se&keywords=Printer+energy+efficient&qid=1744047791&sr=8-1,3.8,
Wall Mitra Jai Shree Shyam Led Neon Light Sign |Spiritual Ambiance | Bright Display | Use in Home | Use in Temple | Energy Efficient | Bright | Orange Colour(30x12),2899.0,https://www.amazon.in/Wall-Mitra-Spiritual-Ambiance-Efficient/dp/B0D7SC4Y7J/ref=sr_1_2?dib=eyJ2IjoiMSJ9.RBJwzLf2JWpaTXWu4EqOPmNCrZZKVthNe8tBKwiSyyHow6QHqDlIfa_xKdlkezDHbDffDGyjpYQmJUBccXAgL1SpCXlW5LOi9ztL7RrHviJObwqnoD4J2UkGNIwdg25FUpvVgJiAydaQkxWYXmkFBVhNg4qHGGOmttJuziSJNLo-lsjylykUuvtXovzsGPscMEGA7MK21deXEhfnQFNDA3QPAhzMC7s6sc0oLtsHh2U.kmWlS0dlGlvXKZ5PpvqLMG4pM_oI74EGUXK9GeAD1kI&dib_tag=se&keywords=Printer+energy+efficient&qid=1744047791&sr=8-2,,
Canon PIXMA MegaTank G3000 All in One WiFi Inktank Colour Printer with 2 Additional Black Ink Bottles,12999.0,https://www.amazon.in/Canon-G3000-Wireless-Colour-Printer/dp/B01H25A1AE/ref=sr_1_3?dib=eyJ2IjoiMSJ9.RBJwzLf2JWpaTXWu4EqOPmNCrZZKVthNe8tBKwiSyyHow6QHqDlIfa_xKdlkezDHbDffDGyjpYQmJUBccXAgL1SpCXlW5LOi9ztL7RrHviJObwqnoD4J2UkGNIwdg25FUpvVgJiAydaQkxWYXmkFBVhNg4qHGGOmttJuziSJNLo-lsjylykUuvtXovzsGPscMEGA7MK21deXEhfnQFNDA3QPAhzMC7s6sc0oLtsHh2U.kmWlS0dlGlvXKZ5PpvqLMG4pM_oI74EGUXK9GeAD1kI&dib_tag=se&keywords=Printer+energy+efficient&qid=1744047791&sr=8-3,4.1,
